{
  "C0B7QEK0MQB:1783077093.769159": {
    "left_at": 1783137425.397233
  },
  "C0B7QEK0MQB:1783336693.349249": {
    "left_at": 1783336814.6178534
  },
  "C0B7QEK0MQB:1783429719.333459": {
    "left_at": 1783430665.2899463
  },
  "C0A6C5F52BE:1783572046.066949": {
    "left_at": 1783590436.5974667
  }
}